<?xml version="1.0" encoding="utf-8"?>
<!DOCTYPE hibernate-mapping PUBLIC "-//Hibernate/Hibernate Mapping DTD 3.0//EN"
"http://hibernate.sourceforge.net/hibernate-mapping-3.0.dtd">
<!-- 
    Mapping file autogenerated by MyEclipse Persistence Tools
-->
<hibernate-mapping>
    <class name="com.cumt.model.Boon" table="boon" catalog="db_hrmsys">
        <id name="boonId" type="java.lang.Integer">
            <column name="boon_id" />
            <generator class="assigned" />
        </id>
        <property name="boonName" type="java.lang.String">
            <column name="boon_name" length="200" />
        </property>
        <property name="boonMoney" type="java.lang.Float">
            <column name="boon_money" precision="12" scale="0" />
        </property>
        <property name="boonPercent" type="java.lang.Float">
            <column name="boon_percent" precision="12" scale="0" />
        </property>
        <property name="boonRemark" type="java.lang.String">
            <column name="boon_remark" length="65535" />
        </property>
    </class>
</hibernate-mapping>
