<?xml version="1.0" encoding="utf-8"?>
<!DOCTYPE hibernate-mapping PUBLIC "-//Hibernate/Hibernate Mapping DTD 3.0//EN"
"http://hibernate.sourceforge.net/hibernate-mapping-3.0.dtd">
<!-- 
	Mapping file autogenerated by MyEclipse Persistence Tools
-->
<hibernate-mapping>
	<class name="com.cumt.model.Department" table="department"
		catalog="db_hrmsys">
		<id name="deptId" type="java.lang.String">
			<column name="dept_id" />
			<generator class="assigned"></generator>
		</id>
		<property name="deptName" type="java.lang.String">
			<column name="dept_name" length="100" not-null="true" />
		</property>
		<property name="deptRemark" type="java.lang.String">
			<column name="dept_remark" length="65535" />
		</property>
		<property name="deptMgr" type="java.lang.String">
			<column name="dept_mgr" length="100"/>
		</property>
		<!-- <set name="jobs" inverse="true" lazy="false">
			<key>
				<column name="job_dept_id" />
			</key>
			<one-to-many class="com.cumt.model.Job" />
		</set>
		<set name="employees" inverse="true" lazy="false">
			<key>
				<column name="dept_id" not-null="true" />
			</key>
			<one-to-many class="com.cumt.model.Employee" />
		</set> -->
	</class>
</hibernate-mapping>
