<?xml version="1.0" encoding="utf-8"?>
<!DOCTYPE hibernate-mapping PUBLIC "-//Hibernate/Hibernate Mapping DTD 3.0//EN"
"http://hibernate.sourceforge.net/hibernate-mapping-3.0.dtd">
<!-- 
    Mapping file autogenerated by MyEclipse Persistence Tools
-->
<hibernate-mapping>
    <class name="com.cumt.model.Employee" table="employee" catalog="db_hrmsys">
        <id name="empId" type="java.lang.String">
            <column name="emp_id" length="20"/>
            <generator class="assigned" />
        </id>
        <many-to-one name="job" class="com.cumt.model.Job" fetch="select" lazy="false">
            <column name="emp_job" />
        </many-to-one>
        <many-to-one name="department" class="com.cumt.model.Department" fetch="select" lazy="false">
            <column name="dept_id" not-null="true" />
        </many-to-one>
        <property name="empName" type="java.lang.String">
            <column name="emp_name" length="100" not-null="true" />
        </property>
        <property name="empSex" type="java.lang.Integer">
            <column name="emp_sex" not-null="true" />
        </property>
        <property name="empBirth" type="java.util.Date">
            <column name="emp_birth" length="0" not-null="true" />
        </property>
        <property name="empAddress" type="java.lang.String">
            <column name="emp_address" length="200" not-null="true" />
        </property>
        <property name="empPost" type="java.lang.String">
            <column name="emp_post" length="6" not-null="true" />
        </property>
        <property name="empTelephone" type="java.lang.String">
            <column name="emp_telephone" length="20" />
        </property>
        <property name="empMobilephone" type="java.lang.String">
            <column name="emp_mobilephone" length="11" not-null="true" />
        </property>
        <property name="empQq" type="java.lang.String">
            <column name="emp_qq" length="12" />
        </property>
        <property name="empEmail" type="java.lang.String">
            <column name="emp_email" length="20" not-null="true" />
        </property>
        <property name="empAccount" type="java.lang.String">
            <column name="emp_account" length="20" not-null="true" />
        </property>
        <property name="empIdcard" type="java.lang.String">
            <column name="emp_idcard" length="18" not-null="true" />
        </property>
        <property name="empPhoto" type="java.lang.String">
            <column name="emp_photo" length="100" />
        </property>
        <property name="empAddDate" type="java.util.Date">
            <column name="emp_add_date" length="0"/>
        </property>
        <property name="empAddPerson" type="java.lang.String">
            <column name="emp_add_person" length="100"  />
        </property>
        <property name="empBank" type="java.lang.String">
            <column name="emp_bank" length="100" not-null="true" />
        </property>
        <property name="empNationality" type="java.lang.String">
            <column name="emp_nationality" length="50" />
        </property>
        <property name="empOrigin" type="java.lang.String">
            <column name="emp_origin" length="50" />
        </property>
        <property name="empNation" type="java.lang.String">
            <column name="emp_nation" length="50" />
        </property>
        <property name="empSchool" type="java.lang.String">
            <column name="emp_school" length="100" />
        </property>
        <property name="empEducation" type="java.lang.String">
            <column name="emp_education" length="50" />
        </property>
        <property name="empProfession" type="java.lang.String">
            <column name="emp_profession" length="100" />
        </property>
        <!-- 
        <set name="trains" inverse="true">
            <key>
                <column name="emp_id" />
            </key>
            <one-to-many class="com.cumt.model.Train" />
        </set>
        <set name="salaries" inverse="true">
            <key>
                <column name="emp_id" />
            </key>
            <one-to-many class="com.cumt.model.Salary" />
        </set>
        <set name="jobChanges" inverse="true">
            <key>
                <column name="emp_id" />
            </key>
            <one-to-many class="com.cumt.model.JobChange" />
        </set>
        <set name="users" inverse="true">
            <key>
                <column name="emp_id" />
            </key>
            <one-to-many class="com.cumt.model.User" />
        </set>
        <set name="encouragePunishs" inverse="true">
            <key>
                <column name="emp_id" />
            </key>
            <one-to-many class="com.cumt.model.EncouragePunish" />
        </set> -->
    </class>
</hibernate-mapping>
