<?xml version="1.0" encoding="utf-8"?>
<!DOCTYPE hibernate-mapping PUBLIC "-//Hibernate/Hibernate Mapping DTD 3.0//EN"
"http://hibernate.sourceforge.net/hibernate-mapping-3.0.dtd">
<!-- 
    Mapping file autogenerated by MyEclipse Persistence Tools
-->
<hibernate-mapping>
    <class name="com.cumt.model.EncouragePunish" table="encourage_punish" catalog="db_hrmsys">
        <id name="epId" type="java.lang.Integer">
            <column name="ep_id" />
            <generator class="native" />
        </id>
        <many-to-one name="employee" class="com.cumt.model.Employee" fetch="select" lazy="false">
            <column name="emp_id" length="20" />
        </many-to-one>
        <property name="epType" type="java.lang.Integer">
            <column name="ep_type"/>
        </property>
        <property name="epTopic" type="java.lang.String">
            <column name="ep_topic" length="100" />
        </property>
        <property name="epMoney" type="java.lang.Float">
            <column name="ep_money" precision="8" />
        </property>
        <property name="epOther" type="java.lang.String">
            <column name="ep_other" length="65535"/>
        </property>
        <property name="epReleaseDate" type="java.util.Date">
            <column name="ep_release_date" length="0" />
        </property>
        <property name="epReleasePerson" type="java.lang.String">
            <column name="ep_release_person" length="100" />
        </property>
        <property name="epReason" type="java.lang.String">
            <column name="ep_reason" length="65535" />
        </property>
        <property name="epRemark" type="java.lang.String">
            <column name="ep_remark" length="65535" />
        </property>
    </class>
</hibernate-mapping>
