<?xml version="1.0" encoding="utf-8"?>
<!DOCTYPE hibernate-mapping PUBLIC "-//Hibernate/Hibernate Mapping DTD 3.0//EN"
"http://hibernate.sourceforge.net/hibernate-mapping-3.0.dtd">
<!-- 
    Mapping file autogenerated by MyEclipse Persistence Tools
-->
<hibernate-mapping>
    <class name="com.cumt.model.Job" table="job" catalog="db_hrmsys">
        <id name="jobId" type="java.lang.Integer">
            <column name="job_id" />
            <generator class="native" />
        </id>
        <many-to-one name="department" class="com.cumt.model.Department" fetch="select" lazy="false">
            <column name="job_dept_id" />
        </many-to-one>
        <property name="jobName" type="java.lang.String">
            <column name="job_name" length="100" not-null="true" />
        </property>
        <property name="jobRemark" type="java.lang.String">
            <column name="job_remark" length="65535" />
        </property>
        <property name="jobBasicWage" type="java.lang.Float">
        	<column name="job_basic_wage"/>
        </property>
   <!-- <set name="employees" inverse="true" lazy="true">
            <key>
                <column name="emp_job" />
            </key>
            <one-to-many class="com.cumt.model.Employee" />
        </set> -->
    </class>
</hibernate-mapping>
