<?xml version="1.0" encoding="utf-8"?>
<!DOCTYPE hibernate-mapping PUBLIC "-//Hibernate/Hibernate Mapping DTD 3.0//EN"
"http://hibernate.sourceforge.net/hibernate-mapping-3.0.dtd">
<!-- 
    Mapping file autogenerated by MyEclipse Persistence Tools
-->
<hibernate-mapping>
    <class name="com.cumt.model.JobChange" table="job_change" catalog="db_hrmsys">
        <id name="jcId" type="java.lang.Integer">
            <column name="jc_id" />
            <generator class="native" />
        </id>
        <many-to-one name="departmentByJcNewDept" class="com.cumt.model.Department" fetch="select" lazy="false">
            <column name="jc_new_dept" length="2" />
        </many-to-one>
        <many-to-one name="departmentByJcOldDept" class="com.cumt.model.Department" fetch="select" lazy="false">
            <column name="jc_old_dept" length="2" />
        </many-to-one>
        <many-to-one name="jobByJcNewJob" class="com.cumt.model.Job" fetch="select" lazy="false">
            <column name="jc_new_job" />
        </many-to-one>
        <many-to-one name="jobByJcOldJob" class="com.cumt.model.Job" fetch="select" lazy="false">
            <column name="jc_old_job" />
        </many-to-one>
        <many-to-one name="employee" class="com.cumt.model.Employee" fetch="select" lazy="false">
            <column name="emp_id" length="20" />
        </many-to-one>
        <property name="jcAddPerson" type="java.lang.String">
            <column name="jc_add_person" length="100" />
        </property>
        <property name="jcDate" type="java.util.Date">
            <column name="jc_date" length="0" />
        </property>
        <property name="jcReason" type="java.lang.String">
            <column name="jc_reason" length="500" />
        </property>
        <property name="jcRemark" type="java.lang.String">
            <column name="jc_remark" length="65535" />
        </property>
    </class>
</hibernate-mapping>
