<?xml version="1.0" encoding="utf-8"?>
<!DOCTYPE hibernate-mapping PUBLIC "-//Hibernate/Hibernate Mapping DTD 3.0//EN"
"http://hibernate.sourceforge.net/hibernate-mapping-3.0.dtd">
<!-- 
    Mapping file autogenerated by MyEclipse Persistence Tools
-->
<hibernate-mapping>
    <class name="com.cumt.model.Menu" table="menu" catalog="db_hrmsys">
        <id name="menuId" type="java.lang.Integer">
            <column name="menu_id" />
            <generator class="identity" />
        </id>
        <property name="menuTitle" type="java.lang.String">
            <column name="menu_title" length="20" not-null="true" />
        </property>
        <property name="menuParentId" type="java.lang.Integer">
            <column name="menu_parent_id" />
        </property>
        <property name="menuLeaf" type="java.lang.Integer">
            <column name="menu_leaf" />
        </property>
        <property name="menuUrl" type="java.lang.String">
            <column name="menu_url" length="100" />
        </property>
        <property name="menuIcon" type="java.lang.String">
            <column name="menu_icon" length="100" />
        </property>
    </class>
</hibernate-mapping>
