<?xml version="1.0" encoding="utf-8"?>
<!DOCTYPE hibernate-mapping PUBLIC "-//Hibernate/Hibernate Mapping DTD 3.0//EN"
"http://hibernate.sourceforge.net/hibernate-mapping-3.0.dtd">

<hibernate-mapping>
    <class name="com.cumt.model.Permission" table="permission" catalog="db_hrmsys">
        <id name="perId" type="java.lang.Integer">
            <column name="per_id" />
            <generator class="native" />
        </id>
        <many-to-one name="menu" class="com.cumt.model.Menu" fetch="select">
            <column name="menu_id" not-null="true" />
        </many-to-one>
        <property name="perFunction" type="java.lang.Integer">
            <column name="per_function" not-null="true" />
        </property>
        <set name="rolePermissions" inverse="true">
            <key>
                <column name="per_id" not-null="true" />
            </key>
            <one-to-many class="com.cumt.model.RolePermission" />
        </set>
    </class>
</hibernate-mapping>
