<?xml version="1.0" encoding="utf-8"?>
<!DOCTYPE hibernate-mapping PUBLIC "-//Hibernate/Hibernate Mapping DTD 3.0//EN"
"http://hibernate.sourceforge.net/hibernate-mapping-3.0.dtd">
<!-- 
    Mapping file autogenerated by MyEclipse Persistence Tools
-->
<hibernate-mapping>
    <class name="com.cumt.model.Recruitment" table="recruitment" catalog="db_hrmsys">
        <id name="recId" type="java.lang.Integer">
            <column name="rec_id" />
            <generator class="native" />
        </id>
        <property name="recTitle" type="java.lang.String">
            <column name="rec_title" length="100" not-null="true" />
        </property>
        <property name="recContent" type="java.lang.String">
            <column name="rec_content" length="65535" not-null="true" />
        </property>
        <property name="recStart" type="java.util.Date">
            <column name="rec_start" length="10" />
        </property>
        <property name="recEnd" type="java.util.Date">
            <column name="rec_end" length="10" />
        </property>
        <property name="recPerson" type="java.lang.String">
            <column name="rec_person" length="100" not-null="true" />
        </property>
        <property name="recDate" type="java.util.Date">
            <column name="rec_date" length="10" not-null="true" />
        </property>
        <property name="recJob" type="java.lang.String">
            <column name="rec_job" length="100" not-null="true" />
        </property>
        <property name="recNum" type="java.lang.Integer">
            <column name="rec_num" not-null="true" />
        </property>
        <property name="recRemark" type="java.lang.String">
            <column name="rec_remark" length="65535" />
        </property>
    </class>
</hibernate-mapping>
