<?xml version="1.0" encoding="utf-8"?>
<!DOCTYPE hibernate-mapping PUBLIC "-//Hibernate/Hibernate Mapping DTD 3.0//EN"
"http://hibernate.sourceforge.net/hibernate-mapping-3.0.dtd">
<!-- 
    Mapping file autogenerated by MyEclipse Persistence Tools
-->
<hibernate-mapping>
    <class name="com.cumt.model.Revenue" table="revenue" catalog="db_hrmsys">
        <id name="reId" type="java.lang.Integer">
            <column name="re_id" />
            <generator class="assigned" />
        </id>
        <property name="reMin" type="java.lang.Float">
            <column name="re_min" precision="12" scale="0" />
        </property>
        <property name="reMax" type="java.lang.Float">
            <column name="re_max" precision="12" scale="0" />
        </property>
        <property name="rePercent" type="java.lang.Float">
            <column name="re_percent" precision="12" scale="0" />
        </property>
        <property name="reMinus" type="java.lang.Float">
            <column name="re_minus" precision="12" scale="0" />
        </property>
    </class>
</hibernate-mapping>
