<?xml version="1.0" encoding="utf-8"?>
<!DOCTYPE hibernate-mapping PUBLIC "-//Hibernate/Hibernate Mapping DTD 3.0//EN"
"http://hibernate.sourceforge.net/hibernate-mapping-3.0.dtd">
<!-- 
    Mapping file autogenerated by MyEclipse Persistence Tools
-->
<hibernate-mapping>
    <class name="com.cumt.model.Role" table="role" catalog="db_hrmsys">
        <id name="roleId" type="java.lang.Integer">
            <column name="role_id" />
            <generator class="native" />
        </id>
        <property name="roleName" type="java.lang.String">
            <column name="role_name" length="100" not-null="true" />
        </property>
        <property name="roleRemark" type="java.lang.String">
            <column name="role_remark" length="65535" />
        </property>
        <!-- <set name="rolePermissions" inverse="true">
            <key>
                <column name="role_id" />
            </key>
            <one-to-many class="com.cumt.model.RolePermission" />
        </set>
        <set name="users" inverse="true">
            <key>
                <column name="role_id" />
            </key>
            <one-to-many class="com.cumt.model.User" />
        </set> -->
    </class>
</hibernate-mapping>
