<?xml version="1.0" encoding="utf-8"?>
<!DOCTYPE hibernate-mapping PUBLIC "-//Hibernate/Hibernate Mapping DTD 3.0//EN"
"http://hibernate.sourceforge.net/hibernate-mapping-3.0.dtd">
<!-- 
    Mapping file autogenerated by MyEclipse Persistence Tools
-->
<hibernate-mapping>
    <class name="com.cumt.model.RolePermission" table="role_permission" catalog="db_hrmsys">
        <id name="rpId" type="java.lang.Integer">
            <column name="rp_id" />
            <generator class="native" />
        </id>
        <many-to-one name="role" class="com.cumt.model.Role" fetch="select">
            <column name="role_id" not-null="true" />
        </many-to-one>
        <many-to-one name="permission" class="com.cumt.model.Permission" fetch="select">
            <column name="per_id" not-null="true" />
        </many-to-one>
    </class>
</hibernate-mapping>
