<?xml version="1.0" encoding="utf-8"?>
<!DOCTYPE hibernate-mapping PUBLIC "-//Hibernate/Hibernate Mapping DTD 3.0//EN"
"http://hibernate.sourceforge.net/hibernate-mapping-3.0.dtd">
<!-- 
    Mapping file autogenerated by MyEclipse Persistence Tools
-->
<hibernate-mapping>
    <class name="com.cumt.model.SalaryBasic" table="salary_basic" catalog="db_hrmsys">
        <id name="sbId" type="java.lang.Integer">
            <column name="sb_id" />
            <generator class="assigned" />
        </id>
        <many-to-one name="employee" class="com.cumt.model.Employee" fetch="select" lazy="false">
            <column name="emp_id" length="20" not-null="true" />
        </many-to-one>
        <property name="sbBasic" type="java.lang.Float">
            <column name="sb_basic" precision="12" scale="0">
            </column>
        </property>
        <property name="sbEndowment" type="java.lang.Integer">
            <column name="sb_endowment">
            </column>
        </property>
        <property name="sbHospitalization" type="java.lang.Integer">
            <column name="sb_hospitalization">
            </column>
        </property>
        <property name="sbUnemployment" type="java.lang.Integer">
            <column name="sb_unemployment">
            </column>
        </property>
        <property name="sbInjury" type="java.lang.Integer">
            <column name="sb_injury">
            </column>
        </property>
        <property name="sbMaternity" type="java.lang.Integer">
            <column name="sb_maternity">
            </column>
        </property>
        <property name="sbHousing" type="java.lang.Integer">
            <column name="sb_housing">
            </column>
        </property>
        <property name="sbTraffic" type="java.lang.Float">
            <column name="sb_traffic" precision="12" scale="0">
            </column>
        </property>
        <property name="sbEatery" type="java.lang.Float">
            <column name="sb_eatery" precision="12" scale="0">
            </column>
        </property>
        <property name="sbTelephone" type="java.lang.Float">
            <column name="sb_telephone" precision="12" scale="0">
            </column>
        </property>
    </class>
</hibernate-mapping>
