<?xml version="1.0" encoding="utf-8"?>
<!DOCTYPE hibernate-mapping PUBLIC "-//Hibernate/Hibernate Mapping DTD 3.0//EN"
"http://hibernate.sourceforge.net/hibernate-mapping-3.0.dtd">
<!-- 
    Mapping file autogenerated by MyEclipse Persistence Tools
-->
<hibernate-mapping>
    <class name="com.cumt.model.Salary" table="salary" catalog="db_hrmsys">
        <id name="salId" type="java.lang.Integer">
            <column name="sal_id" />
            <generator class="native" />
        </id>
        <many-to-one name="employee" class="com.cumt.model.Employee" fetch="select" lazy="false">
            <column name="emp_id" length="20" />
        </many-to-one>
        <property name="salBasic" type="java.lang.Float">
            <column name="sal_basic" precision="8">
            </column>
        </property>
        <property name="salJob" type="java.lang.Float">
            <column name="sal_job" precision="8">
            </column>
        </property>
        <property name="salNormal" type="java.lang.Float">
            <column name="sal_normal" precision="8">
            </column>
        </property>
        <property name="salAll" type="java.lang.Float">
            <column name="sal_all" precision="8">
            </column>
        </property>
        <property name="salAbsenteeism" type="java.lang.Float">
            <column name="sal_absenteeism" precision="8">
            </column>
        </property>
        <property name="salAbsenteeismMoney" type="java.lang.Float">
            <column name="sal_absenteeism_money" precision="8">
            </column>
        </property>
        <property name="salEndowmentint" type="java.lang.Float">
            <column name="sal_endowmentint" precision="8">
            </column>
        </property>
        <property name="salHospitalizationint" type="java.lang.Float">
            <column name="sal_hospitalizationint" precision="8" />
        </property>
        <property name="salUnemploymentint" type="java.lang.Float">
            <column name="sal_unemploymentint" precision="8" />
        </property>
        <property name="salEateryfloat" type="java.lang.Float">
            <column name="sal_eateryfloat" precision="8" />
        </property>
        <property name="salTrafficfloat" type="java.lang.Float">
            <column name="sal_trafficfloat" precision="8" />
        </property>
        <property name="salTelephone" type="java.lang.Float">
            <column name="sal_telephone" precision="8" />
        </property>
        <property name="salAllowance" type="java.lang.Float">
            <column name="sal_allowance" precision="8">
            </column>
        </property>
        <property name="salRevenue" type="java.lang.Float">
            <column name="sal_revenue" precision="8">
            </column>
        </property>
        <property name="salMoney" type="java.lang.Float">
            <column name="sal_money" precision="8">
            </column>
        </property>
        <property name="salYear" type="java.lang.String">
            <column name="sal_year" length="4" />
        </property>
        <property name="salReleasePerson" type="java.lang.String">
            <column name="sal_release_person" length="100" />
        </property>
        <property name="salReleaseDate" type="java.util.Date">
            <column name="sal_release_date" length="0" />
        </property>
         <property name="salMonth" type="java.lang.Integer">
            <column name="sal_Month" length="2" />
        </property>
        <property name="salRemark" type="java.lang.String">
            <column name="sal_remark" length="65535" />
        </property>
    </class>
</hibernate-mapping>
