<?xml version="1.0" encoding="utf-8"?>
<!DOCTYPE hibernate-mapping PUBLIC "-//Hibernate/Hibernate Mapping DTD 3.0//EN"
"http://hibernate.sourceforge.net/hibernate-mapping-3.0.dtd">
<!-- 
    Mapping file autogenerated by MyEclipse Persistence Tools
-->
<hibernate-mapping>
    <class name="com.cumt.model.TrainRecord" table="train_record" catalog="db_hrmsys">
        <id name="trecordId" type="java.lang.Integer">
            <column name="tRecord_id" />
            <generator class="native" />
        </id>
        <many-to-one name="train" class="com.cumt.model.Train" fetch="select" lazy="false">
            <column name="train_id" />
        </many-to-one>
        <many-to-one name="employee" class="com.cumt.model.Employee" fetch="select" lazy="false">
            <column name="emp_id" />
        </many-to-one>
        <property name="trecordResult" type="java.lang.Integer">
            <column name="tRecord_result" />
        </property>
        <property name="trecordRemark" type="java.lang.String">
            <column name="tRecord_remark" length="200" />
        </property>
         <property name="trecordAddPerson" type="java.lang.String">
            <column name="tRecord_add_person" length="200" />
        </property>
         <property name="trecordAddDate" type="java.util.Date">
            <column name="tRecord_add_date" length="0" />
        </property>
    </class>
</hibernate-mapping>
