<?xml version="1.0" encoding="utf-8"?>
<!DOCTYPE hibernate-mapping PUBLIC "-//Hibernate/Hibernate Mapping DTD 3.0//EN"
"http://hibernate.sourceforge.net/hibernate-mapping-3.0.dtd">
<!-- 
    Mapping file autogenerated by MyEclipse Persistence Tools
-->
<hibernate-mapping>
    <class name="com.cumt.model.Train" table="train" catalog="db_hrmsys">
        <id name="trainId" type="java.lang.Integer">
            <column name="train_id" />
            <generator class="native" />
        </id>
        <property name="trainTitle" type="java.lang.String">
            <column name="train_title" length="100" not-null="true" />
        </property>
        <property name="trainContent" type="java.lang.String">
            <column name="train_content" length="65535" not-null="true" />
        </property>
        <property name="trainDate" type="java.util.Date">
            <column name="train_date" length="0" not-null="true" />
        </property>
        <property name="trainPlace" type="java.lang.String">
            <column name="train_place" length="100" not-null="true" />
        </property>
        <property name="trainPerson" type="java.lang.String">
            <column name="train_person" length="100" not-null="true" />
        </property>
        <property name="trainAddDate" type="java.util.Date">
            <column name="train_add_date" length="0" not-null="true" />
        </property>
        <property name="trainAddPerson" type="java.lang.String">
            <column name="train_add_person" length="100" not-null="true" />
        </property>
        <property name="trainRemark" type="java.lang.String">
            <column name="train_remark" length="65535" />
        </property>
        <!-- <set name="trainRecords" inverse="true">
            <key>
                <column name="train_id" />
            </key>
            <one-to-many class="com.cumt.model.TrainRecord" />
        </set> -->
    </class>
</hibernate-mapping>
