<?xml version="1.0" encoding="utf-8"?>
<!DOCTYPE hibernate-mapping PUBLIC "-//Hibernate/Hibernate Mapping DTD 3.0//EN"
"http://hibernate.sourceforge.net/hibernate-mapping-3.0.dtd">
<!-- 
    Mapping file autogenerated by MyEclipse Persistence Tools
-->
<hibernate-mapping>
    <class name="com.cumt.model.User" table="user" catalog="db_hrmsys">
        <id name="userId" type="java.lang.Integer">
            <column name="user_id" />
            <generator class="native" />
        </id>
        <many-to-one name="role" class="com.cumt.model.Role" lazy="false">
            <column name="role_id" />
        </many-to-one>
        <many-to-one name="employee" class="com.cumt.model.Employee"  lazy="false">
            <column name="emp_id" length="20" />
        </many-to-one>
        <property name="userName" type="java.lang.String">
            <column name="user_name" length="100" />
        </property>
        <property name="userPwd" type="java.lang.String">
            <column name="user_pwd" length="30" not-null="true" />
        </property>
        <property name="userRemark" type="java.lang.String">
            <column name="user_remark" length="65535" />
        </property>
        <property name="userDate" type="java.util.Date">
            <column name="user_date" length="0" not-null="true" />
        </property>
   
        <property name="userLastIp" type="java.lang.String">
        	<column name="user_last_ip" length="15"/>
        </property>
         <property name="userLastTime" type="java.lang.String">
        	<column name="user_last_time" length="20"/>
        </property>
    
    </class>
</hibernate-mapping>
